Workbook

Sheet 안내
A1: Wellness + CMJ 모니터링 시트
A2: AI Football Performance Department · data/ · 2026-09-23
A4: 템플릿입니다. 각 시트의 첫 데이터 행(P00 예시)은 입력 형식을 보여주는 예시이므로 사용 전에 지우세요.
A6: 1. 어디에 입력하나
A7: • 노란 칸만 입력합니다. 회색 칸은 자동 계산되므로 건드리지 않습니다.
A8: • 선수 시트: 선수 코드(P01, P02 …)를 먼저 등록합니다. 개인정보 보호를 위해 이름 대신 코드를 씁니다.
A9: • Wellness 시트: 매일 아침 훈련 전, 선수 1명당 하루 1행. 모든 항목은 1 = 매우 나쁨, 5 = 매우 좋음 (근육통 5 = 전혀 없음, 스트레스 5 = 전혀 없음).
A10: • CMJ 시트: 주 1–2회 (예: MD-4, MD+2). 같은 준비운동 후 3회 측정, 시도 사이 휴식 동일. 판정은 3회 평균으로 합니다.
A11: • 설정 시트: 기준값(파란 숫자)을 팀 상황에 맞게 바꿀 수 있습니다.
A13: 2. 자동으로 계산되는 것
A14: • Wellness 합계(5–25) → 선수 본인의 직전 28일 평균·표준편차 → z-score. 기록이 5개 미만이면 'baseline 수집 중'.
A15: • CMJ 평균 → 본인의 직전 56일 평균 대비 변화(%). 기록이 3개 미만이면 'baseline 수집 중'.
... A35: Google Sheets에서도 열립니다 (파일 → 가져오기). Excel 2019 이상 / Microsoft 365 / LibreOffice 호환.

Sheet 대시보드
A1: 선수별 최근 상태
A2: 각 선수의 가장 최근 wellness 기록과 CMJ 기록을 보여준다. 입력은 Wellness / CMJ 시트에서만 한다. 판정은 보조 정보이며 최종 결정은 코치가 한다.
A4: 선수 코드 | B4: 최근 wellness 날짜 | C4: 합계 | D4: z-score | E4: Wellness 상태 | F4: 피로·근육통 낮음 | G4: 최근 CMJ 날짜 | H4: CMJ 변화 | I4: CMJ 상태 | J4: 플래그 수 | K4: 권고
A5: =IF(선수!A2="","",선수!A2) -> P00 | B5: =IF(A5="","",IF(COUNTIFS(Wellness!$B$2:$B$1001,A5,Wellness!$J$2:$J$1001,">=0")=0,"",_xlfn.MAXIFS(Wellness!$A$2:$A$1001,Wellness!$B$2:$B$1001,A5,Wellness!$J$2:$J$1001,">=0"))) -> 46286 | C5: =IF(B5="","",AVERAGEIFS(Wellness!$J$2:$J$1001,Wellness!$B$2:$B$1001,A5,Wellness!$A$2:$A$1001,B5)) -> 18 | D5: =IF(B5="","",IFERROR(ROUND(AVERAGEIFS(Wellness!$N$2:$N$1001,Wellness!$B$2:$B$1001,A5,Wellness!$A$2:$A$1001,B5),2),"")) | E5: =IF(B5="","",IF(COUNTIFS(Wellness!$B$2:$B$1001,A5,Wellness!$A$2:$A$1001,B5,Wellness!$P$2:$P$1001,"낮음")>0,"낮음",IF(COUNTIFS(Wellness!$B$2:$B$1001,A5,Wellness!$A$2:$A$1001,B5,Wellness!$P$2:$P$1001,"baseline 수집 중")>0,"baseline 수집 중","정상"))) -> baseline 수집 중 | F5: =IF(B5="","",IF(COUNTIFS(Wellness!$B$2:$B$1001,A5,Wellness!$A$2:$A$1001,B5,Wellness!$O$2:$O$1001,"예")>0,"예","")) | G5: =IF(A5="","",IF(COUNTIFS(CMJ!$B$2:$B$1001,A5,CMJ!$H$2:$H$1001,">=0")=0,"",_xlfn.MAXIFS(CMJ!$A$2:$A$1001,CMJ!$B$2:$B$1001,A5,CMJ!$H$2:$H$1001,">=0"))) -> 46286 | H5: =IF(G5="","",IFERROR(AVERAGEIFS(CMJ!$K$2:$K$1001,CMJ!$B$2:$B$1001,A5,CMJ!$A$2:$A$1001,G5),"")) | I5: =IF(G5="","",IF(COUNTIFS(CMJ!$B$2:$B$1001,A5,CMJ!$A$2:$A$1001,G5,CMJ!$L$2:$L$1001,"저하")>0,"저하",IF(COUNTIFS(CMJ!$B$2:$B$1001,A5,CMJ!$A$2:$A$1001,G5,CMJ!$L$2:$L$1001,"baseline 수집 중")>0,"baseline 수집 중","정상"))) -> baseline 수집 중 | J5: =IF(A5="","",IF(E5="낮음",1,0)+IF(F5="예",1,0)+IF(I5="저하",IF(B5="",1,IF(G5>=B5-설정!$B$9,1,0)),0)) -> 0 | K5: =IF(A5="","",IF(J5>=설정!$B$10,"고강도 볼륨 조정 + 선수와 대화",IF(J5>=1,"관찰","계획대로"))) -> 계획대로
A6: =IF(선수!A3="","",선수!A3) | B6: =IF(A6="","",IF(COUNTIFS(Wellness!$B$2:$B$1001,A6,Wellness!$J$2:$J$1001,">=0")=0,"",_xlfn.MAXIFS(Wellness!$A$2:$A$1001,Wellness!$B$2:$B$1001,A6,Wellness!$J$2:$J$1001,">=0"))) | C6: =IF(B6="","",AVERAGEIFS(Wellness!$J$2:$J$1001,Wellness!$B$2:$B$1001,A6,Wellness!$A$2:$A$1001,B6)) | D6: =IF(B6="","",IFERROR(ROUND(AVERAGEIFS(Wellness!$N$2:$N$1001,Wellness!$B$2:$B$1001,A6,Wellness!$A$2:$A$1001,B6),2),"")) | E6: =IF(B6="","",IF(COUNTIFS(Wellness!$B$2:$B$1001,A6,Wellness!$A$2:$A$1001,B6,Wellness!$P$2:$P$1001,"낮음")>0,"낮음",IF(COUNTIFS(Wellness!$B$2:$B$1001,A6,Wellness!$A$2:$A$1001,B6,Wellness!$P$2:$P$1001,"baseline 수집 중")>0,"baseline 수집 중","정상"))) | F6: =IF(B6="","",IF(COUNTIFS(Wellness!$B$2:$B$1001,A6,Wellness!$A$2:$A$1001,B6,Wellness!$O$2:$O$1001,"예")>0,"예","")) | G6: =IF(A6="","",IF(COUNTIFS(CMJ!$B$2:$B$1001,A6,CMJ!$H$2:$H$1001,">=0")=0,"",_xlfn.MAXIFS(CMJ!$A$2:$A$1001,CMJ!$B$2:$B$1001,A6,CMJ!$H$2:$H$1001,">=0"))) | H6: =IF(G6="","",IFERROR(AVERAGEIFS(CMJ!$K$2:$K$1001,CMJ!$B$2:$B$1001,A6,CMJ!$A$2:$A$1001,G6),"")) | I6: =IF(G6="","",IF(COUNTIFS(CMJ!$B$2:$B$1001,A6,CMJ!$A$2:$A$1001,G6,CMJ!$L$2:$L$1001,"저하")>0,"저하",IF(COUNTIFS(CMJ!$B$2:$B$1001,A6,CMJ!$A$2:$A$1001,G6,CMJ!$L$2:$L$1001,"baseline 수집 중")>0,"baseline 수집 중","정상"))) | J6: =IF(A6="","",IF(E6="낮음",1,0)+IF(F6="예",1,0)+IF(I6="저하",IF(B6="",1,IF(G6>=B6-설정!$B$9,1,0)),0)) | K6: =IF(A6="","",IF(J6>=설정!$B$10,"고강도 볼륨 조정 + 선수와 대화",IF(J6>=1,"관찰","계획대로")))
A7: =IF(선수!A4="","",선수!A4) | B7: =IF(A7="","",IF(COUNTIFS(Wellness!$B$2:$B$1001,A7,Wellness!$J$2:$J$1001,">=0")=0,"",_xlfn.MAXIFS(Wellness!$A$2:$A$1001,Wellness!$B$2:$B$1001,A7,Wellness!$J$2:$J$1001,">=0"))) | C7: =IF(B7="","",AVERAGEIFS(Wellness!$J$2:$J$1001,Wellness!$B$2:$B$1001,A7,Wellness!$A$2:$A$1001,B7)) | D7: =IF(B7="","",IFERROR(ROUND(AVERAGEIFS(Wellness!$N$2:$N$1001,Wellness!$B$2:$B$1001,A7,Wellness!$A$2:$A$1001,B7),2),"")) | E7: =IF(B7="","",IF(COUNTIFS(Wellness!$B$2:$B$1001,A7,Wellness!$A$2:$A$1001,B7,Wellness!$P$2:$P$1001,"낮음")>0,"낮음",IF(COUNTIFS(Wellness!$B$2:$B$1001,A7,Wellness!$A$2:$A$1001,B7,Wellness!$P$2:$P$1001,"baseline 수집 중")>0,"baseline 수집 중","정상"))) | F7: =IF(B7="","",IF(COUNTIFS(Wellness!$B$2:$B$1001,A7,Wellness!$A$2:$A$1001,B7,Wellness!$O$2:$O$1001,"예")>0,"예","")) | G7: =IF(A7="","",IF(COUNTIFS(CMJ!$B$2:$B$1001,A7,CMJ!$H$2:$H$1001,">=0")=0,"",_xlfn.MAXIFS(CMJ!$A$2:$A$1001,CMJ!$B$2:$B$1001,A7,CMJ!$H$2:$H$1001,">=0"))) | H7: =IF(G7="","",IFERROR(AVERAGEIFS(CMJ!$K$2:$K$1001,CMJ!$B$2:$B$1001,A7,CMJ!$A$2:$A$1001,G7),"")) | I7: =IF(G7="","",IF(COUNTIFS(CMJ!$B$2:$B$1001,A7,CMJ!$A$2:$A$1001,G7,CMJ!$L$2:$L$1001,"저하")>0,"저하",IF(COUNTIFS(CMJ!$B$2:$B$1001,A7,CMJ!$A$2:$A$1001,G7,CMJ!$L$2:$L$1001,"baseline 수집 중")>0,"baseline 수집 중","정상"))) | J7: =IF(A7="","",IF(E7="낮음",1,0)+IF(F7="예",1,0)+IF(I7="저하",IF(B7="",1,IF(G7>=B7-설정!$B$9,1,0)),0)) | K7: =IF(A7="","",IF(J7>=설정!$B$10,"고강도 볼륨 조정 + 선수와 대화",IF(J7>=1,"관찰","계획대로")))
A8: =IF(선수!A5="","",선수!A5) | B8: =IF(A8="","",IF(COUNTIFS(Wellness!$B$2:$B$1001,A8,Wellness!$J$2:$J$1001,">=0")=0,"",_xlfn.MAXIFS(Wellness!$A$2:$A$1001,Wellness!$B$2:$B$1001,A8,Wellness!$J$2:$J$1001,">=0"))) | C8: =IF(B8="","",AVERAGEIFS(Wellness!$J$2:$J$1001,Wellness!$B$2:$B$1001,A8,Wellness!$A$2:$A$1001,B8)) | D8: =IF(B8="","",IFERROR(ROUND(AVERAGEIFS(Wellness!$N$2:$N$1001,Wellness!$B$2:$B$1001,A8,Wellness!$A$2:$A$1001,B8),2),"")) | E8: =IF(B8="","",IF(COUNTIFS(Wellness!$B$2:$B$1001,A8,Wellness!$A$2:$A$1001,B8,Wellness!$P$2:$P$1001,"낮음")>0,"낮음",IF(COUNTIFS(Wellness!$B$2:$B$1001,A8,Wellness!$A$2:$A$1001,B8,Wellness!$P$2:$P$1001,"baseline 수집 중")>0,"baseline 수집 중","정상"))) | F8: =IF(B8="","",IF(COUNTIFS(Wellness!$B$2:$B$1001,A8,Wellness!$A$2:$A$1001,B8,Wellness!$O$2:$O$1001,"예")>0,"예","")) | G8: =IF(A8="","",IF(COUNTIFS(CMJ!$B$2:$B$1001,A8,CMJ!$H$2:$H$1001,">=0")=0,"",_xlfn.MAXIFS(CMJ!$A$2:$A$1001,CMJ!$B$2:$B$1001,A8,CMJ!$H$2:$H$1001,">=0"))) | H8: =IF(G8="","",IFERROR(AVERAGEIFS(CMJ!$K$2:$K$1001,CMJ!$B$2:$B$1001,A8,CMJ!$A$2:$A$1001,G8),"")) | I8: =IF(G8="","",IF(COUNTIFS(CMJ!$B$2:$B$1001,A8,CMJ!$A$2:$A$1001,G8,CMJ!$L$2:$L$1001,"저하")>0,"저하",IF(COUNTIFS(CMJ!$B$2:$B$1001,A8,CMJ!$A$2:$A$1001,G8,CMJ!$L$2:$L$1001,"baseline 수집 중")>0,"baseline 수집 중","정상"))) | J8: =IF(A8="","",IF(E8="낮음",1,0)+IF(F8="예",1,0)+IF(I8="저하",IF(B8="",1,IF(G8>=B8-설정!$B$9,1,0)),0)) | K8: =IF(A8="","",IF(J8>=설정!$B$10,"고강도 볼륨 조정 + 선수와 대화",IF(J8>=1,"관찰","계획대로")))
A9: =IF(선수!A6="","",선수!A6) | B9: =IF(A9="","",IF(COUNTIFS(Wellness!$B$2:$B$1001,A9,Wellness!$J$2:$J$1001,">=0")=0,"",_xlfn.MAXIFS(Wellness!$A$2:$A$1001,Wellness!$B$2:$B$1001,A9,Wellness!$J$2:$J$1001,">=0"))) | C9: =IF(B9="","",AVERAGEIFS(Wellness!$J$2:$J$1001,Wellness!$B$2:$B$1001,A9,Wellness!$A$2:$A$1001,B9)) | D9: =IF(B9="","",IFERROR(ROUND(AVERAGEIFS(Wellness!$N$2:$N$1001,Wellness!$B$2:$B$1001,A9,Wellness!$A$2:$A$1001,B9),2),"")) | E9: =IF(B9="","",IF(COUNTIFS(Wellness!$B$2:$B$1001,A9,Wellness!$A$2:$A$1001,B9,Wellness!$P$2:$P$1001,"낮음")>0,"낮음",IF(COUNTIFS(Wellness!$B$2:$B$1001,A9,Wellness!$A$2:$A$1001,B9,Wellness!$P$2:$P$1001,"baseline 수집 중")>0,"baseline 수집 중","정상"))) | F9: =IF(B9="","",IF(COUNTIFS(Wellness!$B$2:$B$1001,A9,Wellness!$A$2:$A$1001,B9,Wellness!$O$2:$O$1001,"예")>0,"예","")) | G9: =IF(A9="","",IF(COUNTIFS(CMJ!$B$2:$B$1001,A9,CMJ!$H$2:$H$1001,">=0")=0,"",_xlfn.MAXIFS(CMJ!$A$2:$A$1001,CMJ!$B$2:$B$1001,A9,CMJ!$H$2:$H$1001,">=0"))) | H9: =IF(G9="","",IFERROR(AVERAGEIFS(CMJ!$K$2:$K$1001,CMJ!$B$2:$B$1001,A9,CMJ!$A$2:$A$1001,G9),"")) | I9: =IF(G9="","",IF(COUNTIFS(CMJ!$B$2:$B$1001,A9,CMJ!$A$2:$A$1001,G9,CMJ!$L$2:$L$1001,"저하")>0,"저하",IF(COUNTIFS(CMJ!$B$2:$B$1001,A9,CMJ!$A$2:$A$1001,G9,CMJ!$L$2:$L$1001,"baseline 수집 중")>0,"baseline 수집 중","정상"))) | J9: =IF(A9="","",IF(E9="낮음",1,0)+IF(F9="예",1,0)+IF(I9="저하",IF(B9="",1,IF(G9>=B9-설정!$B$9,1,0)),0)) | K9: =IF(A9="","",IF(J9>=설정!$B$10,"고강도 볼륨 조정 + 선수와 대화",IF(J9>=1,"관찰","계획대로")))
A10: =IF(선수!A7="","",선수!A7) | B10: =IF(A10="","",IF(COUNTIFS(Wellness!$B$2:$B$1001,A10,Wellness!$J$2:$J$1001,">=0")=0,"",_xlfn.MAXIFS(Wellness!$A$2:$A$1001,Wellness!$B$2:$B$1001,A10,Wellness!$J$2:$J$1001,">=0"))) | C10: =IF(B10="","",AVERAGEIFS(Wellness!$J$2:$J$1001,Wellness!$B$2:$B$1001,A10,Wellness!$A$2:$A$1001,B10)) | D10: =IF(B10="","",IFERROR(ROUND(AVERAGEIFS(Wellness!$N$2:$N$1001,Wellness!$B$2:$B$1001,A10,Wellness!$A$2:$A$1001,B10),2),"")) | E10: =IF(B10="","",IF(COUNTIFS(Wellness!$B$2:$B$1001,A10,Wellness!$A$2:$A$1001,B10,Wellness!$P$2:$P$1001,"낮음")>0,"낮음",IF(COUNTIFS(Wellness!$B$2:$B$1001,A10,Wellness!$A$2:$A$1001,B10,Wellness!$P$2:$P$1001,"baseline 수집 중")>0,"baseline 수집 중","정상"))) | F10: =IF(B10="","",IF(COUNTIFS(Wellness!$B$2:$B$1001,A10,Wellness!$A$2:$A$1001,B10,Wellness!$O$2:$O$1001,"예")>0,"예","")) | G10: =IF(A10="","",IF(COUNTIFS(CMJ!$B$2:$B$1001,A10,CMJ!$H$2:$H$1001,">=0")=0,"",_xlfn.MAXIFS(CMJ!$A$2:$A$1001,CMJ!$B$2:$B$1001,A10,CMJ!$H$2:$H$1001,">=0"))) | H10: =IF(G10="","",IFERROR(AVERAGEIFS(CMJ!$K$2:$K$1001,CMJ!$B$2:$B$1001,A10,CMJ!$A$2:$A$1001,G10),"")) | I10: =IF(G10="","",IF(COUNTIFS(CMJ!$B$2:$B$1001,A10,CMJ!$A$2:$A$1001,G10,CMJ!$L$2:$L$1001,"저하")>0,"저하",IF(COUNTIFS(CMJ!$B$2:$B$1001,A10,CMJ!$A$2:$A$1001,G10,CMJ!$L$2:$L$1001,"baseline 수집 중")>0,"baseline 수집 중","정상"))) | J10: =IF(A10="","",IF(E10="낮음",1,0)+IF(F10="예",1,0)+IF(I10="저하",IF(B10="",1,IF(G10>=B10-설정!$B$9,1,0)),0)) | K10: =IF(A10="","",IF(J10>=설정!$B$10,"고강도 볼륨 조정 + 선수와 대화",IF(J10>=1,"관찰","계획대로")))
A11: =IF(선수!A8="","",선수!A8) | B11: =IF(A11="","",IF(COUNTIFS(Wellness!$B$2:$B$1001,A11,Wellness!$J$2:$J$1001,">=0")=0,"",_xlfn.MAXIFS(Wellness!$A$2:$A$1001,Wellness!$B$2:$B$1001,A11,Wellness!$J$2:$J$1001,">=0"))) | C11: =IF(B11="","",AVERAGEIFS(Wellness!$J$2:$J$1001,Wellness!$B$2:$B$1001,A11,Wellness!$A$2:$A$1001,B11)) | D11: =IF(B11="","",IFERROR(ROUND(AVERAGEIFS(Wellness!$N$2:$N$1001,Wellness!$B$2:$B$1001,A11,Wellness!$A$2:$A$1001,B11),2),"")) | E11: =IF(B11="","",IF(COUNTIFS(Wellness!$B$2:$B$1001,A11,Wellness!$A$2:$A$1001,B11,Wellness!$P$2:$P$1001,"낮음")>0,"낮음",IF(COUNTIFS(Wellness!$B$2:$B$1001,A11,Wellness!$A$2:$A$1001,B11,Wellness!$P$2:$P$1001,"baseline 수집 중")>0,"baseline 수집 중","정상"))) | F11: =IF(B11="","",IF(COUNTIFS(Wellness!$B$2:$B$1001,A11,Wellness!$A$2:$A$1001,B11,Wellness!$O$2:$O$1001,"예")>0,"예","")) | G11: =IF(A11="","",IF(COUNTIFS(CMJ!$B$2:$B$1001,A11,CMJ!$H$2:$H$1001,">=0")=0,"",_xlfn.MAXIFS(CMJ!$A$2:$A$1001,CMJ!$B$2:$B$1001,A11,CMJ!$H$2:$H$1001,">=0"))) | H11: =IF(G11="","",IFERROR(AVERAGEIFS(CMJ!$K$2:$K$1001,CMJ!$B$2:$B$1001,A11,CMJ!$A$2:$A$1001,G11),"")) | I11: =IF(G11="","",IF(COUNTIFS(CMJ!$B$2:$B$1001,A11,CMJ!$A$2:$A$1001,G11,CMJ!$L$2:$L$1001,"저하")>0,"저하",IF(COUNTIFS(CMJ!$B$2:$B$1001,A11,CMJ!$A$2:$A$1001,G11,CMJ!$L$2:$L$1001,"baseline 수집 중")>0,"baseline 수집 중","정상"))) | J11: =IF(A11="","",IF(E11="낮음",1,0)+IF(F11="예",1,0)+IF(I11="저하",IF(B11="",1,IF(G11>=B11-설정!$B$9,1,0)),0)) | K11: =IF(A11="","",IF(J11>=설정!$B$10,"고강도 볼륨 조정 + 선수와 대화",IF(J11>=1,"관찰","계획대로")))
A12: =IF(선수!A9="","",선수!A9) | B12: =IF(A12="","",IF(COUNTIFS(Wellness!$B$2:$B$1001,A12,Wellness!$J$2:$J$1001,">=0")=0,"",_xlfn.MAXIFS(Wellness!$A$2:$A$1001,Wellness!$B$2:$B$1001,A12,Wellness!$J$2:$J$1001,">=0"))) | C12: =IF(B12="","",AVERAGEIFS(Wellness!$J$2:$J$1001,Wellness!$B$2:$B$1001,A12,Wellness!$A$2:$A$1001,B12)) | D12: =IF(B12="","",IFERROR(ROUND(AVERAGEIFS(Wellness!$N$2:$N$1001,Wellness!$B$2:$B$1001,A12,Wellness!$A$2:$A$1001,B12),2),"")) | E12: =IF(B12="","",IF(COUNTIFS(Wellness!$B$2:$B$1001,A12,Wellness!$A$2:$A$1001,B12,Wellness!$P$2:$P$1001,"낮음")>0,"낮음",IF(COUNTIFS(Wellness!$B$2:$B$1001,A12,Wellness!$A$2:$A$1001,B12,Wellness!$P$2:$P$1001,"baseline 수집 중")>0,"baseline 수집 중","정상"))) | F12: =IF(B12="","",IF(COUNTIFS(Wellness!$B$2:$B$1001,A12,Wellness!$A$2:$A$1001,B12,Wellness!$O$2:$O$1001,"예")>0,"예","")) | G12: =IF(A12="","",IF(COUNTIFS(CMJ!$B$2:$B$1001,A12,CMJ!$H$2:$H$1001,">=0")=0,"",_xlfn.MAXIFS(CMJ!$A$2:$A$1001,CMJ!$B$2:$B$1001,A12,CMJ!$H$2:$H$1001,">=0"))) | H12: =IF(G12="","",IFERROR(AVERAGEIFS(CMJ!$K$2:$K$1001,CMJ!$B$2:$B$1001,A12,CMJ!$A$2:$A$1001,G12),"")) | I12: =IF(G12="","",IF(COUNTIFS(CMJ!$B$2:$B$1001,A12,CMJ!$A$2:$A$1001,G12,CMJ!$L$2:$L$1001,"저하")>0,"저하",IF(COUNTIFS(CMJ!$B$2:$B$1001,A12,CMJ!$A$2:$A$1001,G12,CMJ!$L$2:$L$1001,"baseline 수집 중")>0,"baseline 수집 중","정상"))) | J12: =IF(A12="","",IF(E12="낮음",1,0)+IF(F12="예",1,0)+IF(I12="저하",IF(B12="",1,IF(G12>=B12-설정!$B$9,1,0)),0)) | K12: =IF(A12="","",IF(J12>=설정!$B$10,"고강도 볼륨 조정 + 선수와 대화",IF(J12>=1,"관찰","계획대로")))
A13: =IF(선수!A10="","",선수!A10) | B13: =IF(A13="","",IF(COUNTIFS(Wellness!$B$2:$B$1001,A13,Wellness!$J$2:$J$1001,">=0")=0,"",_xlfn.MAXIFS(Wellness!$A$2:$A$1001,Wellness!$B$2:$B$1001,A13,Wellness!$J$2:$J$1001,">=0"))) | C13: =IF(B13="","",AVERAGEIFS(Wellness!$J$2:$J$1001,Wellness!$B$2:$B$1001,A13,Wellness!$A$2:$A$1001,B13)) | D13: =IF(B13="","",IFERROR(ROUND(AVERAGEIFS(Wellness!$N$2:$N$1001,Wellness!$B$2:$B$1001,A13,Wellness!$A$2:$A$1001,B13),2),"")) | E13: =IF(B13="","",IF(COUNTIFS(Wellness!$B$2:$B$1001,A13,Wellness!$A$2:$A$1001,B13,Wellness!$P$2:$P$1001,"낮음")>0,"낮음",IF(COUNTIFS(Wellness!$B$2:$B$1001,A13,Wellness!$A$2:$A$1001,B13,Wellness!$P$2:$P$1001,"baseline 수집 중")>0,"baseline 수집 중","정상"))) | F13: =IF(B13="","",IF(COUNTIFS(Wellness!$B$2:$B$1001,A13,Wellness!$A$2:$A$1001,B13,Wellness!$O$2:$O$1001,"예")>0,"예","")) | G13: =IF(A13="","",IF(COUNTIFS(CMJ!$B$2:$B$1001,A13,CMJ!$H$2:$H$1001,">=0")=0,"",_xlfn.MAXIFS(CMJ!$A$2:$A$1001,CMJ!$B$2:$B$1001,A13,CMJ!$H$2:$H$1001,">=0"))) | H13: =IF(G13="","",IFERROR(AVERAGEIFS(CMJ!$K$2:$K$1001,CMJ!$B$2:$B$1001,A13,CMJ!$A$2:$A$1001,G13),"")) | I13: =IF(G13="","",IF(COUNTIFS(CMJ!$B$2:$B$1001,A13,CMJ!$A$2:$A$1001,G13,CMJ!$L$2:$L$1001,"저하")>0,"저하",IF(COUNTIFS(CMJ!$B$2:$B$1001,A13,CMJ!$A$2:$A$1001,G13,CMJ!$L$2:$L$1001,"baseline 수집 중")>0,"baseline 수집 중","정상"))) | J13: =IF(A13="","",IF(E13="낮음",1,0)+IF(F13="예",1,0)+IF(I13="저하",IF(B13="",1,IF(G13>=B13-설정!$B$9,1,0)),0)) | K13: =IF(A13="","",IF(J13>=설정!$B$10,"고강도 볼륨 조정 + 선수와 대화",IF(J13>=1,"관찰","계획대로")))
A14: =IF(선수!A11="","",선수!A11) | B14: =IF(A14="","",IF(COUNTIFS(Wellness!$B$2:$B$1001,A14,Wellness!$J$2:$J$1001,">=0")=0,"",_xlfn.MAXIFS(Wellness!$A$2:$A$1001,Wellness!$B$2:$B$1001,A14,Wellness!$J$2:$J$1001,">=0"))) | C14: =IF(B14="","",AVERAGEIFS(Wellness!$J$2:$J$1001,Wellness!$B$2:$B$1001,A14,Wellness!$A$2:$A$1001,B14)) | D14: =IF(B14="","",IFERROR(ROUND(AVERAGEIFS(Wellness!$N$2:$N$1001,Wellness!$B$2:$B$1001,A14,Wellness!$A$2:$A$1001,B14),2),"")) | E14: =IF(B14="","",IF(COUNTIFS(Wellness!$B$2:$B$1001,A14,Wellness!$A$2:$A$1001,B14,Wellness!$P$2:$P$1001,"낮음")>0,"낮음",IF(COUNTIFS(Wellness!$B$2:$B$1001,A14,Wellness!$A$2:$A$1001,B14,Wellness!$P$2:$P$1001,"baseline 수집 중")>0,"baseline 수집 중","정상"))) | F14: =IF(B14="","",IF(COUNTIFS(Wellness!$B$2:$B$1001,A14,Wellness!$A$2:$A$1001,B14,Wellness!$O$2:$O$1001,"예")>0,"예","")) | G14: =IF(A14="","",IF(COUNTIFS(CMJ!$B$2:$B$1001,A14,CMJ!$H$2:$H$1001,">=0")=0,"",_xlfn.MAXIFS(CMJ!$A$2:$A$1001,CMJ!$B$2:$B$1001,A14,CMJ!$H$2:$H$1001,">=0"))) | H14: =IF(G14="","",IFERROR(AVERAGEIFS(CMJ!$K$2:$K$1001,CMJ!$B$2:$B$1001,A14,CMJ!$A$2:$A$1001,G14),"")) | I14: =IF(G14="","",IF(COUNTIFS(CMJ!$B$2:$B$1001,A14,CMJ!$A$2:$A$1001,G14,CMJ!$L$2:$L$1001,"저하")>0,"저하",IF(COUNTIFS(CMJ!$B$2:$B$1001,A14,CMJ!$A$2:$A$1001,G14,CMJ!$L$2:$L$1001,"baseline 수집 중")>0,"baseline 수집 중","정상"))) | J14: =IF(A14="","",IF(E14="낮음",1,0)+IF(F14="예",1,0)+IF(I14="저하",IF(B14="",1,IF(G14>=B14-설정!$B$9,1,0)),0)) | K14: =IF(A14="","",IF(J14>=설정!$B$10,"고강도 볼륨 조정 + 선수와 대화",IF(J14>=1,"관찰","계획대로")))
A15: =IF(선수!A12="","",선수!A12) | B15: =IF(A15="","",IF(COUNTIFS(Wellness!$B$2:$B$1001,A15,Wellness!$J$2:$J$1001,">=0")=0,"",_xlfn.MAXIFS(Wellness!$A$2:$A$1001,Wellness!$B$2:$B$1001,A15,Wellness!$J$2:$J$1001,">=0"))) | C15: =IF(B15="","",AVERAGEIFS(Wellness!$J$2:$J$1001,Wellness!$B$2:$B$1001,A15,Wellness!$A$2:$A$1001,B15)) | D15: =IF(B15="","",IFERROR(ROUND(AVERAGEIFS(Wellness!$N$2:$N$1001,Wellness!$B$2:$B$1001,A15,Wellness!$A$2:$A$1001,B15),2),"")) | E15: =IF(B15="","",IF(COUNTIFS(Wellness!$B$2:$B$1001,A15,Wellness!$A$2:$A$1001,B15,Wellness!$P$2:$P$1001,"낮음")>0,"낮음",IF(COUNTIFS(Wellness!$B$2:$B$1001,A15,Wellness!$A$2:$A$1001,B15,Wellness!$P$2:$P$1001,"baseline 수집 중")>0,"baseline 수집 중","정상"))) | F15: =IF(B15="","",IF(COUNTIFS(Wellness!$B$2:$B$1001,A15,Wellness!$A$2:$A$1001,B15,Wellness!$O$2:$O$1001,"예")>0,"예","")) | G15: =IF(A15="","",IF(COUNTIFS(CMJ!$B$2:$B$1001,A15,CMJ!$H$2:$H$1001,">=0")=0,"",_xlfn.MAXIFS(CMJ!$A$2:$A$1001,CMJ!$B$2:$B$1001,A15,CMJ!$H$2:$H$1001,">=0"))) | H15: =IF(G15="","",IFERROR(AVERAGEIFS(CMJ!$K$2:$K$1001,CMJ!$B$2:$B$1001,A15,CMJ!$A$2:$A$1001,G15),"")) | I15: =IF(G15="","",IF(COUNTIFS(CMJ!$B$2:$B$1001,A15,CMJ!$A$2:$A$1001,G15,CMJ!$L$2:$L$1001,"저하")>0,"저하",IF(COUNTIFS(CMJ!$B$2:$B$1001,A15,CMJ!$A$2:$A$1001,G15,CMJ!$L$2:$L$1001,"baseline 수집 중")>0,"baseline 수집 중","정상"))) | J15: =IF(A15="","",IF(E15="낮음",1,0)+IF(F15="예",1,0)+IF(I15="저하",IF(B15="",1,IF(G15>=B15-설정!$B$9,1,0)),0)) | K15: =IF(A15="","",IF(J15>=설정!$B$10,"고강도 볼륨 조정 + 선수와 대화",IF(J15>=1,"관찰","계획대로")))
A16: =IF(선수!A13="","",선수!A13) | B16: =IF(A16="","",IF(COUNTIFS(Wellness!$B$2:$B$1001,A16,Wellness!$J$2:$J$1001,">=0")=0,"",_xlfn.MAXIFS(Wellness!$A$2:$A$1001,Wellness!$B$2:$B$1001,A16,Wellness!$J$2:$J$1001,">=0"))) | C16: =IF(B16="","",AVERAGEIFS(Wellness!$J$2:$J$1001,Wellness!$B$2:$B$1001,A16,Wellness!$A$2:$A$1001,B16)) | D16: =IF(B16="","",IFERROR(ROUND(AVERAGEIFS(Wellness!$N$2:$N$1001,Wellness!$B$2:$B$1001,A16,Wellness!$A$2:$A$1001,B16),2),"")) | E16: =IF(B16="","",IF(COUNTIFS(Wellness!$B$2:$B$1001,A16,Wellness!$A$2:$A$1001,B16,Wellness!$P$2:$P$1001,"낮음")>0,"낮음",IF(COUNTIFS(Wellness!$B$2:$B$1001,A16,Wellness!$A$2:$A$1001,B16,Wellness!$P$2:$P$1001,"baseline 수집 중")>0,"baseline 수집 중","정상"))) | F16: =IF(B16="","",IF(COUNTIFS(Wellness!$B$2:$B$1001,A16,Wellness!$A$2:$A$1001,B16,Wellness!$O$2:$O$1001,"예")>0,"예","")) | G16: =IF(A16="","",IF(COUNTIFS(CMJ!$B$2:$B$1001,A16,CMJ!$H$2:$H$1001,">=0")=0,"",_xlfn.MAXIFS(CMJ!$A$2:$A$1001,CMJ!$B$2:$B$1001,A16,CMJ!$H$2:$H$1001,">=0"))) | H16: =IF(G16="","",IFERROR(AVERAGEIFS(CMJ!$K$2:$K$1001,CMJ!$B$2:$B$1001,A16,CMJ!$A$2:$A$1001,G16),"")) | I16: =IF(G16="","",IF(COUNTIFS(CMJ!$B$2:$B$1001,A16,CMJ!$A$2:$A$1001,G16,CMJ!$L$2:$L$1001,"저하")>0,"저하",IF(COUNTIFS(CMJ!$B$2:$B$1001,A16,CMJ!$A$2:$A$1001,G16,CMJ!$L$2:$L$1001,"baseline 수집 중")>0,"baseline 수집 중","정상"))) | J16: =IF(A16="","",IF(E16="낮음",1,0)+IF(F16="예",1,0)+IF(I16="저하",IF(B16="",1,IF(G16>=B16-설정!$B$9,1,0)),0)) | K16: =IF(A16="","",IF(J16>=설정!$B$10,"고강도 볼륨 조정 + 선수와 대화",IF(J16>=1,"관찰","계획대로")))
... A44: =IF(선수!A41="","",선수!A41) | B44: =IF(A44="","",IF(COUNTIFS(Wellness!$B$2:$B$1001,A44,Wellness!$J$2:$J$1001,">=0")=0,"",_xlfn.MAXIFS(Wellness!$A$2:$A$1001,Wellness!$B$2:$B$1001,A44,Wellness!$J$2:$J$1001,">=0"))) | C44: =IF(B44="","",AVERAGEIFS(Wellness!$J$2:$J$1001,Wellness!$B$2:$B$1001,A44,Wellness!$A$2:$A$1001,B44)) | D44: =IF(B44="","",IFERROR(ROUND(AVERAGEIFS(Wellness!$N$2:$N$1001,Wellness!$B$2:$B$1001,A44,Wellness!$A$2:$A$1001,B44),2),"")) | E44: =IF(B44="","",IF(COUNTIFS(Wellness!$B$2:$B$1001,A44,Wellness!$A$2:$A$1001,B44,Wellness!$P$2:$P$1001,"낮음")>0,"낮음",IF(COUNTIFS(Wellness!$B$2:$B$1001,A44,Wellness!$A$2:$A$1001,B44,Wellness!$P$2:$P$1001,"baseline 수집 중")>0,"baseline 수집 중","정상"))) | F44: =IF(B44="","",IF(COUNTIFS(Wellness!$B$2:$B$1001,A44,Wellness!$A$2:$A$1001,B44,Wellness!$O$2:$O$1001,"예")>0,"예","")) | G44: =IF(A44="","",IF(COUNTIFS(CMJ!$B$2:$B$1001,A44,CMJ!$H$2:$H$1001,">=0")=0,"",_xlfn.MAXIFS(CMJ!$A$2:$A$1001,CMJ!$B$2:$B$1001,A44,CMJ!$H$2:$H$1001,">=0"))) | H44: =IF(G44="","",IFERROR(AVERAGEIFS(CMJ!$K$2:$K$1001,CMJ!$B$2:$B$1001,A44,CMJ!$A$2:$A$1001,G44),"")) | I44: =IF(G44="","",IF(COUNTIFS(CMJ!$B$2:$B$1001,A44,CMJ!$A$2:$A$1001,G44,CMJ!$L$2:$L$1001,"저하")>0,"저하",IF(COUNTIFS(CMJ!$B$2:$B$1001,A44,CMJ!$A$2:$A$1001,G44,CMJ!$L$2:$L$1001,"baseline 수집 중")>0,"baseline 수집 중","정상"))) | J44: =IF(A44="","",IF(E44="낮음",1,0)+IF(F44="예",1,0)+IF(I44="저하",IF(B44="",1,IF(G44>=B44-설정!$B$9,1,0)),0)) | K44: =IF(A44="","",IF(J44>=설정!$B$10,"고강도 볼륨 조정 + 선수와 대화",IF(J44>=1,"관찰","계획대로")))

Sheet Wellness
A1: 날짜 | B1: 선수 코드 | C1: MD 코드 | D1: 수면 시간 (h) | E1: 수면의 질 (1–5) | F1: 피로 (1–5) | G1: 근육통 (1–5) | H1: 기분 (1–5) | I1: 스트레스 (1–5) | J1: 합계 (5–25) | K1: baseline 평균 | L1: baseline SD | M1: baseline 기록 수 | N1: z-score | O1: 피로·근육통 낮음 | P1: 상태 | Q1: 메모 | R1: helper (합계²)
A2: 46286 | B2: P00 | C2: MD+2 | D2: 7.5 | E2: 4 | F2: 3 | G2: 3 | H2: 4 | I2: 4 | J2: =IF(COUNT(E2:I2)<5,"",SUM(E2:I2)) -> 18 | K2: =IF(J2="","",IF(M2<설정!$B$3,"",ROUND(AVERAGEIFS($J$2:$J$1001,$B$2:$B$1001,B2,$A$2:$A$1001,"<"&A2,$A$2:$A$1001,">="&(A2-설정!$B$2)),2))) | L2: =IF(K2="","",ROUND(SQRT(MAX(0,(SUMIFS($R$2:$R$1001,$B$2:$B$1001,B2,$A$2:$A$1001,"<"&A2,$A$2:$A$1001,">="&(A2-설정!$B$2))-M2*AVERAGEIFS($J$2:$J$1001,$B$2:$B$1001,B2,$A$2:$A$1001,"<"&A2,$A$2:$A$1001,">="&(A2-설정!$B$2))^2)/(M2-1))),2)) | M2: =IF(J2="","",COUNTIFS($B$2:$B$1001,B2,$A$2:$A$1001,"<"&A2,$A$2:$A$1001,">="&(A2-설정!$B$2),$J$2:$J$1001,">=0")) -> 0 | N2: =IF(K2="","",IF(L2=0,"",ROUND((J2-K2)/L2,2))) | O2: =IF(J2="","",IF(MIN(F2,G2)<=설정!$B$5,"예","")) | P2: =IF(J2="","",IF(M2<설정!$B$3,"baseline 수집 중",IF(N2="","정상",IF(N2<=설정!$B$4,"낮음","정상")))) -> baseline 수집 중 | Q2: 예시 행 — 사용 전 삭제 | R2: =IF(J2="","",J2^2) -> 324
J3: =IF(COUNT(E3:I3)<5,"",SUM(E3:I3)) | K3: =IF(J3="","",IF(M3<설정!$B$3,"",ROUND(AVERAGEIFS($J$2:$J$1001,$B$2:$B$1001,B3,$A$2:$A$1001,"<"&A3,$A$2:$A$1001,">="&(A3-설정!$B$2)),2))) | L3: =IF(K3="","",ROUND(SQRT(MAX(0,(SUMIFS($R$2:$R$1001,$B$2:$B$1001,B3,$A$2:$A$1001,"<"&A3,$A$2:$A$1001,">="&(A3-설정!$B$2))-M3*AVERAGEIFS($J$2:$J$1001,$B$2:$B$1001,B3,$A$2:$A$1001,"<"&A3,$A$2:$A$1001,">="&(A3-설정!$B$2))^2)/(M3-1))),2)) | M3: =IF(J3="","",COUNTIFS($B$2:$B$1001,B3,$A$2:$A$1001,"<"&A3,$A$2:$A$1001,">="&(A3-설정!$B$2),$J$2:$J$1001,">=0")) | N3: =IF(K3="","",IF(L3=0,"",ROUND((J3-K3)/L3,2))) | O3: =IF(J3="","",IF(MIN(F3,G3)<=설정!$B$5,"예","")) | P3: =IF(J3="","",IF(M3<설정!$B$3,"baseline 수집 중",IF(N3="","정상",IF(N3<=설정!$B$4,"낮음","정상")))) | R3: =IF(J3="","",J3^2)
J4: =IF(COUNT(E4:I4)<5,"",SUM(E4:I4)) | K4: =IF(J4="","",IF(M4<설정!$B$3,"",ROUND(AVERAGEIFS($J$2:$J$1001,$B$2:$B$1001,B4,$A$2:$A$1001,"<"&A4,$A$2:$A$1001,">="&(A4-설정!$B$2)),2))) | L4: =IF(K4="","",ROUND(SQRT(MAX(0,(SUMIFS($R$2:$R$1001,$B$2:$B$1001,B4,$A$2:$A$1001,"<"&A4,$A$2:$A$1001,">="&(A4-설정!$B$2))-M4*AVERAGEIFS($J$2:$J$1001,$B$2:$B$1001,B4,$A$2:$A$1001,"<"&A4,$A$2:$A$1001,">="&(A4-설정!$B$2))^2)/(M4-1))),2)) | M4: =IF(J4="","",COUNTIFS($B$2:$B$1001,B4,$A$2:$A$1001,"<"&A4,$A$2:$A$1001,">="&(A4-설정!$B$2),$J$2:$J$1001,">=0")) | N4: =IF(K4="","",IF(L4=0,"",ROUND((J4-K4)/L4,2))) | O4: =IF(J4="","",IF(MIN(F4,G4)<=설정!$B$5,"예","")) | P4: =IF(J4="","",IF(M4<설정!$B$3,"baseline 수집 중",IF(N4="","정상",IF(N4<=설정!$B$4,"낮음","정상")))) | R4: =IF(J4="","",J4^2)
J5: =IF(COUNT(E5:I5)<5,"",SUM(E5:I5)) | K5: =IF(J5="","",IF(M5<설정!$B$3,"",ROUND(AVERAGEIFS($J$2:$J$1001,$B$2:$B$1001,B5,$A$2:$A$1001,"<"&A5,$A$2:$A$1001,">="&(A5-설정!$B$2)),2))) | L5: =IF(K5="","",ROUND(SQRT(MAX(0,(SUMIFS($R$2:$R$1001,$B$2:$B$1001,B5,$A$2:$A$1001,"<"&A5,$A$2:$A$1001,">="&(A5-설정!$B$2))-M5*AVERAGEIFS($J$2:$J$1001,$B$2:$B$1001,B5,$A$2:$A$1001,"<"&A5,$A$2:$A$1001,">="&(A5-설정!$B$2))^2)/(M5-1))),2)) | M5: =IF(J5="","",COUNTIFS($B$2:$B$1001,B5,$A$2:$A$1001,"<"&A5,$A$2:$A$1001,">="&(A5-설정!$B$2),$J$2:$J$1001,">=0")) | N5: =IF(K5="","",IF(L5=0,"",ROUND((J5-K5)/L5,2))) | O5: =IF(J5="","",IF(MIN(F5,G5)<=설정!$B$5,"예","")) | P5: =IF(J5="","",IF(M5<설정!$B$3,"baseline 수집 중",IF(N5="","정상",IF(N5<=설정!$B$4,"낮음","정상")))) | R5: =IF(J5="","",J5^2)
J6: =IF(COUNT(E6:I6)<5,"",SUM(E6:I6)) | K6: =IF(J6="","",IF(M6<설정!$B$3,"",ROUND(AVERAGEIFS($J$2:$J$1001,$B$2:$B$1001,B6,$A$2:$A$1001,"<"&A6,$A$2:$A$1001,">="&(A6-설정!$B$2)),2))) | L6: =IF(K6="","",ROUND(SQRT(MAX(0,(SUMIFS($R$2:$R$1001,$B$2:$B$1001,B6,$A$2:$A$1001,"<"&A6,$A$2:$A$1001,">="&(A6-설정!$B$2))-M6*AVERAGEIFS($J$2:$J$1001,$B$2:$B$1001,B6,$A$2:$A$1001,"<"&A6,$A$2:$A$1001,">="&(A6-설정!$B$2))^2)/(M6-1))),2)) | M6: =IF(J6="","",COUNTIFS($B$2:$B$1001,B6,$A$2:$A$1001,"<"&A6,$A$2:$A$1001,">="&(A6-설정!$B$2),$J$2:$J$1001,">=0")) | N6: =IF(K6="","",IF(L6=0,"",ROUND((J6-K6)/L6,2))) | O6: =IF(J6="","",IF(MIN(F6,G6)<=설정!$B$5,"예","")) | P6: =IF(J6="","",IF(M6<설정!$B$3,"baseline 수집 중",IF(N6="","정상",IF(N6<=설정!$B$4,"낮음","정상")))) | R6: =IF(J6="","",J6^2)
J7: =IF(COUNT(E7:I7)<5,"",SUM(E7:I7)) | K7: =IF(J7="","",IF(M7<설정!$B$3,"",ROUND(AVERAGEIFS($J$2:$J$1001,$B$2:$B$1001,B7,$A$2:$A$1001,"<"&A7,$A$2:$A$1001,">="&(A7-설정!$B$2)),2))) | L7: =IF(K7="","",ROUND(SQRT(MAX(0,(SUMIFS($R$2:$R$1001,$B$2:$B$1001,B7,$A$2:$A$1001,"<"&A7,$A$2:$A$1001,">="&(A7-설정!$B$2))-M7*AVERAGEIFS($J$2:$J$1001,$B$2:$B$1001,B7,$A$2:$A$1001,"<"&A7,$A$2:$A$1001,">="&(A7-설정!$B$2))^2)/(M7-1))),2)) | M7: =IF(J7="","",COUNTIFS($B$2:$B$1001,B7,$A$2:$A$1001,"<"&A7,$A$2:$A$1001,">="&(A7-설정!$B$2),$J$2:$J$1001,">=0")) | N7: =IF(K7="","",IF(L7=0,"",ROUND((J7-K7)/L7,2))) | O7: =IF(J7="","",IF(MIN(F7,G7)<=설정!$B$5,"예","")) | P7: =IF(J7="","",IF(M7<설정!$B$3,"baseline 수집 중",IF(N7="","정상",IF(N7<=설정!$B$4,"낮음","정상")))) | R7: =IF(J7="","",J7^2)
J8: =IF(COUNT(E8:I8)<5,"",SUM(E8:I8)) | K8: =IF(J8="","",IF(M8<설정!$B$3,"",ROUND(AVERAGEIFS($J$2:$J$1001,$B$2:$B$1001,B8,$A$2:$A$1001,"<"&A8,$A$2:$A$1001,">="&(A8-설정!$B$2)),2))) | L8: =IF(K8="","",ROUND(SQRT(MAX(0,(SUMIFS($R$2:$R$1001,$B$2:$B$1001,B8,$A$2:$A$1001,"<"&A8,$A$2:$A$1001,">="&(A8-설정!$B$2))-M8*AVERAGEIFS($J$2:$J$1001,$B$2:$B$1001,B8,$A$2:$A$1001,"<"&A8,$A$2:$A$1001,">="&(A8-설정!$B$2))^2)/(M8-1))),2)) | M8: =IF(J8="","",COUNTIFS($B$2:$B$1001,B8,$A$2:$A$1001,"<"&A8,$A$2:$A$1001,">="&(A8-설정!$B$2),$J$2:$J$1001,">=0")) | N8: =IF(K8="","",IF(L8=0,"",ROUND((J8-K8)/L8,2))) | O8: =IF(J8="","",IF(MIN(F8,G8)<=설정!$B$5,"예","")) | P8: =IF(J8="","",IF(M8<설정!$B$3,"baseline 수집 중",IF(N8="","정상",IF(N8<=설정!$B$4,"낮음","정상")))) | R8: =IF(J8="","",J8^2)
J9: =IF(COUNT(E9:I9)<5,"",SUM(E9:I9)) | K9: =IF(J9="","",IF(M9<설정!$B$3,"",ROUND(AVERAGEIFS($J$2:$J$1001,$B$2:$B$1001,B9,$A$2:$A$1001,"<"&A9,$A$2:$A$1001,">="&(A9-설정!$B$2)),2))) | L9: =IF(K9="","",ROUND(SQRT(MAX(0,(SUMIFS($R$2:$R$1001,$B$2:$B$1001,B9,$A$2:$A$1001,"<"&A9,$A$2:$A$1001,">="&(A9-설정!$B$2))-M9*AVERAGEIFS($J$2:$J$1001,$B$2:$B$1001,B9,$A$2:$A$1001,"<"&A9,$A$2:$A$1001,">="&(A9-설정!$B$2))^2)/(M9-1))),2)) | M9: =IF(J9="","",COUNTIFS($B$2:$B$1001,B9,$A$2:$A$1001,"<"&A9,$A$2:$A$1001,">="&(A9-설정!$B$2),$J$2:$J$1001,">=0")) | N9: =IF(K9="","",IF(L9=0,"",ROUND((J9-K9)/L9,2))) | O9: =IF(J9="","",IF(MIN(F9,G9)<=설정!$B$5,"예","")) | P9: =IF(J9="","",IF(M9<설정!$B$3,"baseline 수집 중",IF(N9="","정상",IF(N9<=설정!$B$4,"낮음","정상")))) | R9: =IF(J9="","",J9^2)
J10: =IF(COUNT(E10:I10)<5,"",SUM(E10:I10)) | K10: =IF(J10="","",IF(M10<설정!$B$3,"",ROUND(AVERAGEIFS($J$2:$J$1001,$B$2:$B$1001,B10,$A$2:$A$1001,"<"&A10,$A$2:$A$1001,">="&(A10-설정!$B$2)),2))) | L10: =IF(K10="","",ROUND(SQRT(MAX(0,(SUMIFS($R$2:$R$1001,$B$2:$B$1001,B10,$A$2:$A$1001,"<"&A10,$A$2:$A$1001,">="&(A10-설정!$B$2))-M10*AVERAGEIFS($J$2:$J$1001,$B$2:$B$1001,B10,$A$2:$A$1001,"<"&A10,$A$2:$A$1001,">="&(A10-설정!$B$2))^2)/(M10-1))),2)) | M10: =IF(J10="","",COUNTIFS($B$2:$B$1001,B10,$A$2:$A$1001,"<"&A10,$A$2:$A$1001,">="&(A10-설정!$B$2),$J$2:$J$1001,">=0")) | N10: =IF(K10="","",IF(L10=0,"",ROUND((J10-K10)/L10,2))) | O10: =IF(J10="","",IF(MIN(F10,G10)<=설정!$B$5,"예","")) | P10: =IF(J10="","",IF(M10<설정!$B$3,"baseline 수집 중",IF(N10="","정상",IF(N10<=설정!$B$4,"낮음","정상")))) | R10: =IF(J10="","",J10^2)
J11: =IF(COUNT(E11:I11)<5,"",SUM(E11:I11)) | K11: =IF(J11="","",IF(M11<설정!$B$3,"",ROUND(AVERAGEIFS($J$2:$J$1001,$B$2:$B$1001,B11,$A$2:$A$1001,"<"&A11,$A$2:$A$1001,">="&(A11-설정!$B$2)),2))) | L11: =IF(K11="","",ROUND(SQRT(MAX(0,(SUMIFS($R$2:$R$1001,$B$2:$B$1001,B11,$A$2:$A$1001,"<"&A11,$A$2:$A$1001,">="&(A11-설정!$B$2))-M11*AVERAGEIFS($J$2:$J$1001,$B$2:$B$1001,B11,$A$2:$A$1001,"<"&A11,$A$2:$A$1001,">="&(A11-설정!$B$2))^2)/(M11-1))),2)) | M11: =IF(J11="","",COUNTIFS($B$2:$B$1001,B11,$A$2:$A$1001,"<"&A11,$A$2:$A$1001,">="&(A11-설정!$B$2),$J$2:$J$1001,">=0")) | N11: =IF(K11="","",IF(L11=0,"",ROUND((J11-K11)/L11,2))) | O11: =IF(J11="","",IF(MIN(F11,G11)<=설정!$B$5,"예","")) | P11: =IF(J11="","",IF(M11<설정!$B$3,"baseline 수집 중",IF(N11="","정상",IF(N11<=설정!$B$4,"낮음","정상")))) | R11: =IF(J11="","",J11^2)
J12: =IF(COUNT(E12:I12)<5,"",SUM(E12:I12)) | K12: =IF(J12="","",IF(M12<설정!$B$3,"",ROUND(AVERAGEIFS($J$2:$J$1001,$B$2:$B$1001,B12,$A$2:$A$1001,"<"&A12,$A$2:$A$1001,">="&(A12-설정!$B$2)),2))) | L12: =IF(K12="","",ROUND(SQRT(MAX(0,(SUMIFS($R$2:$R$1001,$B$2:$B$1001,B12,$A$2:$A$1001,"<"&A12,$A$2:$A$1001,">="&(A12-설정!$B$2))-M12*AVERAGEIFS($J$2:$J$1001,$B$2:$B$1001,B12,$A$2:$A$1001,"<"&A12,$A$2:$A$1001,">="&(A12-설정!$B$2))^2)/(M12-1))),2)) | M12: =IF(J12="","",COUNTIFS($B$2:$B$1001,B12,$A$2:$A$1001,"<"&A12,$A$2:$A$1001,">="&(A12-설정!$B$2),$J$2:$J$1001,">=0")) | N12: =IF(K12="","",IF(L12=0,"",ROUND((J12-K12)/L12,2))) | O12: =IF(J12="","",IF(MIN(F12,G12)<=설정!$B$5,"예","")) | P12: =IF(J12="","",IF(M12<설정!$B$3,"baseline 수집 중",IF(N12="","정상",IF(N12<=설정!$B$4,"낮음","정상")))) | R12: =IF(J12="","",J12^2)
J13: =IF(COUNT(E13:I13)<5,"",SUM(E13:I13)) | K13: =IF(J13="","",IF(M13<설정!$B$3,"",ROUND(AVERAGEIFS($J$2:$J$1001,$B$2:$B$1001,B13,$A$2:$A$1001,"<"&A13,$A$2:$A$1001,">="&(A13-설정!$B$2)),2))) | L13: =IF(K13="","",ROUND(SQRT(MAX(0,(SUMIFS($R$2:$R$1001,$B$2:$B$1001,B13,$A$2:$A$1001,"<"&A13,$A$2:$A$1001,">="&(A13-설정!$B$2))-M13*AVERAGEIFS($J$2:$J$1001,$B$2:$B$1001,B13,$A$2:$A$1001,"<"&A13,$A$2:$A$1001,">="&(A13-설정!$B$2))^2)/(M13-1))),2)) | M13: =IF(J13="","",COUNTIFS($B$2:$B$1001,B13,$A$2:$A$1001,"<"&A13,$A$2:$A$1001,">="&(A13-설정!$B$2),$J$2:$J$1001,">=0")) | N13: =IF(K13="","",IF(L13=0,"",ROUND((J13-K13)/L13,2))) | O13: =IF(J13="","",IF(MIN(F13,G13)<=설정!$B$5,"예","")) | P13: =IF(J13="","",IF(M13<설정!$B$3,"baseline 수집 중",IF(N13="","정상",IF(N13<=설정!$B$4,"낮음","정상")))) | R13: =IF(J13="","",J13^2)
J14: =IF(COUNT(E14:I14)<5,"",SUM(E14:I14)) | K14: =IF(J14="","",IF(M14<설정!$B$3,"",ROUND(AVERAGEIFS($J$2:$J$1001,$B$2:$B$1001,B14,$A$2:$A$1001,"<"&A14,$A$2:$A$1001,">="&(A14-설정!$B$2)),2))) | L14: =IF(K14="","",ROUND(SQRT(MAX(0,(SUMIFS($R$2:$R$1001,$B$2:$B$1001,B14,$A$2:$A$1001,"<"&A14,$A$2:$A$1001,">="&(A14-설정!$B$2))-M14*AVERAGEIFS($J$2:$J$1001,$B$2:$B$1001,B14,$A$2:$A$1001,"<"&A14,$A$2:$A$1001,">="&(A14-설정!$B$2))^2)/(M14-1))),2)) | M14: =IF(J14="","",COUNTIFS($B$2:$B$1001,B14,$A$2:$A$1001,"<"&A14,$A$2:$A$1001,">="&(A14-설정!$B$2),$J$2:$J$1001,">=0")) | N14: =IF(K14="","",IF(L14=0,"",ROUND((J14-K14)/L14,2))) | O14: =IF(J14="","",IF(MIN(F14,G14)<=설정!$B$5,"예","")) | P14: =IF(J14="","",IF(M14<설정!$B$3,"baseline 수집 중",IF(N14="","정상",IF(N14<=설정!$B$4,"낮음","정상")))) | R14: =IF(J14="","",J14^2)
... J1001: =IF(COUNT(E1001:I1001)<5,"",SUM(E1001:I1001)) | K1001: =IF(J1001="","",IF(M1001<설정!$B$3,"",ROUND(AVERAGEIFS($J$2:$J$1001,$B$2:$B$1001,B1001,$A$2:$A$1001,"<"&A1001,$A$2:$A$1001,">="&(A1001-설정!$B$2)),2))) | L1001: =IF(K1001="","",ROUND(SQRT(MAX(0,(SUMIFS($R$2:$R$1001,$B$2:$B$1001,B1001,$A$2:$A$1001,"<"&A1001,$A$2:$A$1001,">="&(A1001-설정!$B$2))-M1001*AVERAGEIFS($J$2:$J$1001,$B$2:$B$1001,B1001,$A$2:$A$1001,"<"&A1001,$A$2:$A$1001,">="&(A1001-설정!$B$2))^2)/(M1001-1))),2)) | M1001: =IF(J1001="","",COUNTIFS($B$2:$B$1001,B1001,$A$2:$A$1001,"<"&A1001,$A$2:$A$1001,">="&(A1001-설정!$B$2),$J$2:$J$1001,">=0")) | N1001: =IF(K1001="","",IF(L1001=0,"",ROUND((J1001-K1001)/L1001,2))) | O1001: =IF(J1001="","",IF(MIN(F1001,G1001)<=설정!$B$5,"예","")) | P1001: =IF(J1001="","",IF(M1001<설정!$B$3,"baseline 수집 중",IF(N1001="","정상",IF(N1001<=설정!$B$4,"낮음","정상")))) | R1001: =IF(J1001="","",J1001^2)

Sheet CMJ
A1: 날짜 | B1: 선수 코드 | C1: MD 코드 | D1: 1차 (cm) | E1: 2차 (cm) | F1: 3차 (cm) | G1: 최고 (cm) | H1: 평균 (cm) — 판정용 | I1: baseline 평균 (cm) | J1: baseline 기록 수 | K1: 변화 (%) | L1: 상태 | M1: 메모
A2: 46286 | B2: P00 | C2: MD+2 | D2: 38.2 | E2: 39 | F2: 38.5 | G2: =IF(COUNT(D2:F2)=0,"",MAX(D2:F2)) -> 39 | H2: =IF(COUNT(D2:F2)=0,"",ROUND(AVERAGE(D2:F2),1)) -> 38.6 | I2: =IF(H2="","",IF(J2<설정!$B$7,"",ROUND(AVERAGEIFS($H$2:$H$1001,$B$2:$B$1001,B2,$A$2:$A$1001,"<"&A2,$A$2:$A$1001,">="&(A2-설정!$B$6)),1))) | J2: =IF(H2="","",COUNTIFS($B$2:$B$1001,B2,$A$2:$A$1001,"<"&A2,$A$2:$A$1001,">="&(A2-설정!$B$6),$H$2:$H$1001,">=0")) -> 0 | K2: =IF(I2="","",H2/I2-1) | L2: =IF(H2="","",IF(J2<설정!$B$7,"baseline 수집 중",IF(K2<=-설정!$B$8,"저하","정상"))) -> baseline 수집 중 | M2: 예시 행 — 사용 전 삭제
G3: =IF(COUNT(D3:F3)=0,"",MAX(D3:F3)) | H3: =IF(COUNT(D3:F3)=0,"",ROUND(AVERAGE(D3:F3),1)) | I3: =IF(H3="","",IF(J3<설정!$B$7,"",ROUND(AVERAGEIFS($H$2:$H$1001,$B$2:$B$1001,B3,$A$2:$A$1001,"<"&A3,$A$2:$A$1001,">="&(A3-설정!$B$6)),1))) | J3: =IF(H3="","",COUNTIFS($B$2:$B$1001,B3,$A$2:$A$1001,"<"&A3,$A$2:$A$1001,">="&(A3-설정!$B$6),$H$2:$H$1001,">=0")) | K3: =IF(I3="","",H3/I3-1) | L3: =IF(H3="","",IF(J3<설정!$B$7,"baseline 수집 중",IF(K3<=-설정!$B$8,"저하","정상")))
G4: =IF(COUNT(D4:F4)=0,"",MAX(D4:F4)) | H4: =IF(COUNT(D4:F4)=0,"",ROUND(AVERAGE(D4:F4),1)) | I4: =IF(H4="","",IF(J4<설정!$B$7,"",ROUND(AVERAGEIFS($H$2:$H$1001,$B$2:$B$1001,B4,$A$2:$A$1001,"<"&A4,$A$2:$A$1001,">="&(A4-설정!$B$6)),1))) | J4: =IF(H4="","",COUNTIFS($B$2:$B$1001,B4,$A$2:$A$1001,"<"&A4,$A$2:$A$1001,">="&(A4-설정!$B$6),$H$2:$H$1001,">=0")) | K4: =IF(I4="","",H4/I4-1) | L4: =IF(H4="","",IF(J4<설정!$B$7,"baseline 수집 중",IF(K4<=-설정!$B$8,"저하","정상")))
G5: =IF(COUNT(D5:F5)=0,"",MAX(D5:F5)) | H5: =IF(COUNT(D5:F5)=0,"",ROUND(AVERAGE(D5:F5),1)) | I5: =IF(H5="","",IF(J5<설정!$B$7,"",ROUND(AVERAGEIFS($H$2:$H$1001,$B$2:$B$1001,B5,$A$2:$A$1001,"<"&A5,$A$2:$A$1001,">="&(A5-설정!$B$6)),1))) | J5: =IF(H5="","",COUNTIFS($B$2:$B$1001,B5,$A$2:$A$1001,"<"&A5,$A$2:$A$1001,">="&(A5-설정!$B$6),$H$2:$H$1001,">=0")) | K5: =IF(I5="","",H5/I5-1) | L5: =IF(H5="","",IF(J5<설정!$B$7,"baseline 수집 중",IF(K5<=-설정!$B$8,"저하","정상")))
G6: =IF(COUNT(D6:F6)=0,"",MAX(D6:F6)) | H6: =IF(COUNT(D6:F6)=0,"",ROUND(AVERAGE(D6:F6),1)) | I6: =IF(H6="","",IF(J6<설정!$B$7,"",ROUND(AVERAGEIFS($H$2:$H$1001,$B$2:$B$1001,B6,$A$2:$A$1001,"<"&A6,$A$2:$A$1001,">="&(A6-설정!$B$6)),1))) | J6: =IF(H6="","",COUNTIFS($B$2:$B$1001,B6,$A$2:$A$1001,"<"&A6,$A$2:$A$1001,">="&(A6-설정!$B$6),$H$2:$H$1001,">=0")) | K6: =IF(I6="","",H6/I6-1) | L6: =IF(H6="","",IF(J6<설정!$B$7,"baseline 수집 중",IF(K6<=-설정!$B$8,"저하","정상")))
G7: =IF(COUNT(D7:F7)=0,"",MAX(D7:F7)) | H7: =IF(COUNT(D7:F7)=0,"",ROUND(AVERAGE(D7:F7),1)) | I7: =IF(H7="","",IF(J7<설정!$B$7,"",ROUND(AVERAGEIFS($H$2:$H$1001,$B$2:$B$1001,B7,$A$2:$A$1001,"<"&A7,$A$2:$A$1001,">="&(A7-설정!$B$6)),1))) | J7: =IF(H7="","",COUNTIFS($B$2:$B$1001,B7,$A$2:$A$1001,"<"&A7,$A$2:$A$1001,">="&(A7-설정!$B$6),$H$2:$H$1001,">=0")) | K7: =IF(I7="","",H7/I7-1) | L7: =IF(H7="","",IF(J7<설정!$B$7,"baseline 수집 중",IF(K7<=-설정!$B$8,"저하","정상")))
G8: =IF(COUNT(D8:F8)=0,"",MAX(D8:F8)) | H8: =IF(COUNT(D8:F8)=0,"",ROUND(AVERAGE(D8:F8),1)) | I8: =IF(H8="","",IF(J8<설정!$B$7,"",ROUND(AVERAGEIFS($H$2:$H$1001,$B$2:$B$1001,B8,$A$2:$A$1001,"<"&A8,$A$2:$A$1001,">="&(A8-설정!$B$6)),1))) | J8: =IF(H8="","",COUNTIFS($B$2:$B$1001,B8,$A$2:$A$1001,"<"&A8,$A$2:$A$1001,">="&(A8-설정!$B$6),$H$2:$H$1001,">=0")) | K8: =IF(I8="","",H8/I8-1) | L8: =IF(H8="","",IF(J8<설정!$B$7,"baseline 수집 중",IF(K8<=-설정!$B$8,"저하","정상")))
G9: =IF(COUNT(D9:F9)=0,"",MAX(D9:F9)) | H9: =IF(COUNT(D9:F9)=0,"",ROUND(AVERAGE(D9:F9),1)) | I9: =IF(H9="","",IF(J9<설정!$B$7,"",ROUND(AVERAGEIFS($H$2:$H$1001,$B$2:$B$1001,B9,$A$2:$A$1001,"<"&A9,$A$2:$A$1001,">="&(A9-설정!$B$6)),1))) | J9: =IF(H9="","",COUNTIFS($B$2:$B$1001,B9,$A$2:$A$1001,"<"&A9,$A$2:$A$1001,">="&(A9-설정!$B$6),$H$2:$H$1001,">=0")) | K9: =IF(I9="","",H9/I9-1) | L9: =IF(H9="","",IF(J9<설정!$B$7,"baseline 수집 중",IF(K9<=-설정!$B$8,"저하","정상")))
G10: =IF(COUNT(D10:F10)=0,"",MAX(D10:F10)) | H10: =IF(COUNT(D10:F10)=0,"",ROUND(AVERAGE(D10:F10),1)) | I10: =IF(H10="","",IF(J10<설정!$B$7,"",ROUND(AVERAGEIFS($H$2:$H$1001,$B$2:$B$1001,B10,$A$2:$A$1001,"<"&A10,$A$2:$A$1001,">="&(A10-설정!$B$6)),1))) | J10: =IF(H10="","",COUNTIFS($B$2:$B$1001,B10,$A$2:$A$1001,"<"&A10,$A$2:$A$1001,">="&(A10-설정!$B$6),$H$2:$H$1001,">=0")) | K10: =IF(I10="","",H10/I10-1) | L10: =IF(H10="","",IF(J10<설정!$B$7,"baseline 수집 중",IF(K10<=-설정!$B$8,"저하","정상")))
G11: =IF(COUNT(D11:F11)=0,"",MAX(D11:F11)) | H11: =IF(COUNT(D11:F11)=0,"",ROUND(AVERAGE(D11:F11),1)) | I11: =IF(H11="","",IF(J11<설정!$B$7,"",ROUND(AVERAGEIFS($H$2:$H$1001,$B$2:$B$1001,B11,$A$2:$A$1001,"<"&A11,$A$2:$A$1001,">="&(A11-설정!$B$6)),1))) | J11: =IF(H11="","",COUNTIFS($B$2:$B$1001,B11,$A$2:$A$1001,"<"&A11,$A$2:$A$1001,">="&(A11-설정!$B$6),$H$2:$H$1001,">=0")) | K11: =IF(I11="","",H11/I11-1) | L11: =IF(H11="","",IF(J11<설정!$B$7,"baseline 수집 중",IF(K11<=-설정!$B$8,"저하","정상")))
G12: =IF(COUNT(D12:F12)=0,"",MAX(D12:F12)) | H12: =IF(COUNT(D12:F12)=0,"",ROUND(AVERAGE(D12:F12),1)) | I12: =IF(H12="","",IF(J12<설정!$B$7,"",ROUND(AVERAGEIFS($H$2:$H$1001,$B$2:$B$1001,B12,$A$2:$A$1001,"<"&A12,$A$2:$A$1001,">="&(A12-설정!$B$6)),1))) | J12: =IF(H12="","",COUNTIFS($B$2:$B$1001,B12,$A$2:$A$1001,"<"&A12,$A$2:$A$1001,">="&(A12-설정!$B$6),$H$2:$H$1001,">=0")) | K12: =IF(I12="","",H12/I12-1) | L12: =IF(H12="","",IF(J12<설정!$B$7,"baseline 수집 중",IF(K12<=-설정!$B$8,"저하","정상")))
G13: =IF(COUNT(D13:F13)=0,"",MAX(D13:F13)) | H13: =IF(COUNT(D13:F13)=0,"",ROUND(AVERAGE(D13:F13),1)) | I13: =IF(H13="","",IF(J13<설정!$B$7,"",ROUND(AVERAGEIFS($H$2:$H$1001,$B$2:$B$1001,B13,$A$2:$A$1001,"<"&A13,$A$2:$A$1001,">="&(A13-설정!$B$6)),1))) | J13: =IF(H13="","",COUNTIFS($B$2:$B$1001,B13,$A$2:$A$1001,"<"&A13,$A$2:$A$1001,">="&(A13-설정!$B$6),$H$2:$H$1001,">=0")) | K13: =IF(I13="","",H13/I13-1) | L13: =IF(H13="","",IF(J13<설정!$B$7,"baseline 수집 중",IF(K13<=-설정!$B$8,"저하","정상")))
G14: =IF(COUNT(D14:F14)=0,"",MAX(D14:F14)) | H14: =IF(COUNT(D14:F14)=0,"",ROUND(AVERAGE(D14:F14),1)) | I14: =IF(H14="","",IF(J14<설정!$B$7,"",ROUND(AVERAGEIFS($H$2:$H$1001,$B$2:$B$1001,B14,$A$2:$A$1001,"<"&A14,$A$2:$A$1001,">="&(A14-설정!$B$6)),1))) | J14: =IF(H14="","",COUNTIFS($B$2:$B$1001,B14,$A$2:$A$1001,"<"&A14,$A$2:$A$1001,">="&(A14-설정!$B$6),$H$2:$H$1001,">=0")) | K14: =IF(I14="","",H14/I14-1) | L14: =IF(H14="","",IF(J14<설정!$B$7,"baseline 수집 중",IF(K14<=-설정!$B$8,"저하","정상")))
... G1001: =IF(COUNT(D1001:F1001)=0,"",MAX(D1001:F1001)) | H1001: =IF(COUNT(D1001:F1001)=0,"",ROUND(AVERAGE(D1001:F1001),1)) | I1001: =IF(H1001="","",IF(J1001<설정!$B$7,"",ROUND(AVERAGEIFS($H$2:$H$1001,$B$2:$B$1001,B1001,$A$2:$A$1001,"<"&A1001,$A$2:$A$1001,">="&(A1001-설정!$B$6)),1))) | J1001: =IF(H1001="","",COUNTIFS($B$2:$B$1001,B1001,$A$2:$A$1001,"<"&A1001,$A$2:$A$1001,">="&(A1001-설정!$B$6),$H$2:$H$1001,">=0")) | K1001: =IF(I1001="","",H1001/I1001-1) | L1001: =IF(H1001="","",IF(J1001<설정!$B$7,"baseline 수집 중",IF(K1001<=-설정!$B$8,"저하","정상")))

Sheet 선수
A1: 선수 코드 | B1: 포지션 | C1: 연령/팀 | D1: 메모
A2: P00 | B2: WG | C2: U18 | D2: 예시 행 — 사용 전 삭제

Sheet 설정
A1: 항목 | B1: 값 | C1: 설명 / 근거
A2: Wellness baseline 기간 (일) | B2: 28 | C2: 직전 N일의 개인 기록으로 평균·표준편차 계산. 현장 관행 기반 기본값.
A3: Wellness baseline 최소 기록 수 | B3: 5 | C3: 이보다 적으면 '수집 중'으로 표시하고 판정하지 않음.
A4: Wellness z-score 기준 | B4: -1 | C4: 개인 평균보다 이 표준편차 이상 낮으면 '낮음'. 현장 관행 기반 기본값(근거로 검증된 기준 아님).
A5: 피로·근육통 낮은 점수 기준 | B5: 2 | C5: 피로 또는 근육통 항목이 이 점수 이하이면 선수 호소로 간주 (1=매우 나쁨, 5=매우 좋음).
A6: CMJ baseline 기간 (일) | B6: 56 | C6: 직전 N일의 CMJ 평균값으로 baseline 계산.
A7: CMJ baseline 최소 기록 수 | B7: 3 | C7: 이보다 적으면 '수집 중'.
A8: CMJ 저하 기준 (비율) | B8: 0.05 | C8: baseline 대비 이 비율 이상 낮으면 '저하'. 기본값 5%는 임시값 — 팀이 직접 반복 측정해 구한 측정 오차(typical error/CV)로 교체 권장.
A9: CMJ 유효 기간 (일) | B9: 7 | C9: 대시보드에서 최근 wellness 날짜 기준 이 기간 안의 CMJ만 판정에 포함.
A10: 조치 기준 플래그 수 | B10: 2 | C10: 플래그가 이 개수 이상이면 '고강도 볼륨 조정 + 선수와 대화'. 회복 프로토콜 노트의 MVP 규칙.
